Workbook

Sheet UOJ DevSecOps Checklist
A1: ADCB DevSecOps Security Baseline — UOJ Compliance Tracker
A2: Unified Onboarding Journey (UOJ) · F.1 CI/CD Pipeline Controls · 41 items | Update 'UOJ Status' column as work progresses
A3: ID | B3: Category | C3: Control Summary | D3: UOJ Status | E3: Owner | F3: Target Date | G3: Evidence / Notes | H3: Priority | I3: Blocker? | J3: Linked JIRA
A4: 1.1 | B4: Pipeline Infra | C4: All build and deployment jobs run on ephemeral, short-lived agents provisioned dynamically and destroyed immediately after completion. | D4: Not Started | H4: High | I4: No
A5: 1.2 | B5: Access & IAM | C5: All source code repositories remain private; access restricted to corporate network or trusted VPN endpoints. | D5: Not Started | H5: High | I5: No
A6: 1.3 | B6: Pipeline Infra | C6: Builds execute in isolated, ephemeral environments. No shared resources, credentials, or network access across concurrent jobs. Least-privilege agents. | D6: Not Started | H6: High | I6: No
A7: 1.4 | B7: Branch & Code | C7: Pipeline/workflow files reside in version control and changed only through approved pull requests. | D7: Not Started | H7: High | I7: No
A8: 1.5 | B8: Access & IAM | C8: Build agents authenticate to cloud providers using least-privilege IAM roles or service principals scoped to their function. | D8: Not Started | H8: High | I8: No
A9: 1.6 | B9: Pipeline Infra | C9: Self-hosted runners use a minimalistic, CIS-hardened OS image with only essential components. Regularly patched and re-baselined. | D9: Not Started | H9: High | I9: No
A10: 1.7 | B10: Pipeline Infra | C10: Self-hosted runners operate in isolated subnets/VNets with private endpoints and restricted egress. | D10: Not Started | H10: High | I10: No
A11: 1.8 | B11: Secrets Mgmt | C11: Runners must not persist secrets. Injected at runtime via OIDC/short-lived credentials. Never written to disk, cached, or stored in images. | D11: Not Started | H11: Critical | I11: No
A12: 1.9 | B12: Pipeline Infra | C12: All self-hosted runners centrally registered, integrity-checked, and monitored. Unverified runners blocked. | D12: Not Started | H12: High | I12: No
A13: 1.10 | B13: Pipeline Infra | C13: Runners use authenticated/trusted channels, minimal secret/token scope, and operate as single-use ephemeral instances destroyed on job completion. | D13: Not Started | H13: High | I13: No
A14: 1.11 | B14: Pipeline Infra | C14: Pipelines follow single-responsibility principle. Build/test/deploy stages use separate identities/environments. No shared credentials across prod/non-prod. | D14: Not Started | H14: High | I14: No
A15: 1.12 | B15: Branch & Code | C15: Protected branches (main/master/release/*) enforce mandatory approval workflows, segregation of duties, security scans, and policy gates before merge. | D15: Not Started | H15: Critical | I15: No
... A44: 1.41 | B44: Monitoring & Audit | C44: All developer workstations and cloud-based DevBoxes operate in isolated, secured, managed environments. All dev activity logged and monitored. | D44: Not Started | H44: Medium | I44: No

Sheet Dashboard
A1: UOJ DevSecOps — Compliance Dashboard
A2: Auto-calculated from Checklist sheet · Last updated: see date column
A4: Total Controls | B4: =COUNTA('UOJ DevSecOps Checklist'!A4:A44) -> 41 | D4: Category | E4: Total | F4: Compliant | G4: In Progress | H4: Not Started
A5: Compliant | B5: =COUNTIF('UOJ DevSecOps Checklist'!D4:D44,"Compliant") -> 0 | D5: Pipeline Infra | E5: =COUNTIF('UOJ DevSecOps Checklist'!B4:B44,D5) -> 7 | F5: =COUNTIFS('UOJ DevSecOps Checklist'!B4:B44,D5,'UOJ DevSecOps Checklist'!D4:D44,"Compliant") -> 0 | G5: =COUNTIFS('UOJ DevSecOps Checklist'!B4:B44,D5,'UOJ DevSecOps Checklist'!D4:D44,"In Progress") -> 0 | H5: =COUNTIFS('UOJ DevSecOps Checklist'!B4:B44,D5,'UOJ DevSecOps Checklist'!D4:D44,"Not Started") -> 7
A6: In Progress | B6: =COUNTIF('UOJ DevSecOps Checklist'!D4:D44,"In Progress") -> 0 | D6: Access & IAM | E6: =COUNTIF('UOJ DevSecOps Checklist'!B4:B44,D6) -> 4 | F6: =COUNTIFS('UOJ DevSecOps Checklist'!B4:B44,D6,'UOJ DevSecOps Checklist'!D4:D44,"Compliant") -> 0 | G6: =COUNTIFS('UOJ DevSecOps Checklist'!B4:B44,D6,'UOJ DevSecOps Checklist'!D4:D44,"In Progress") -> 0 | H6: =COUNTIFS('UOJ DevSecOps Checklist'!B4:B44,D6,'UOJ DevSecOps Checklist'!D4:D44,"Not Started") -> 4
A7: Not Started | B7: =COUNTIF('UOJ DevSecOps Checklist'!D4:D44,"Not Started") -> 41 | D7: Secrets Mgmt | E7: =COUNTIF('UOJ DevSecOps Checklist'!B4:B44,D7) -> 3 | F7: =COUNTIFS('UOJ DevSecOps Checklist'!B4:B44,D7,'UOJ DevSecOps Checklist'!D4:D44,"Compliant") -> 0 | G7: =COUNTIFS('UOJ DevSecOps Checklist'!B4:B44,D7,'UOJ DevSecOps Checklist'!D4:D44,"In Progress") -> 0 | H7: =COUNTIFS('UOJ DevSecOps Checklist'!B4:B44,D7,'UOJ DevSecOps Checklist'!D4:D44,"Not Started") -> 3
A8: N/A | B8: =COUNTIF('UOJ DevSecOps Checklist'!D4:D44,"N/A") -> 0 | D8: Branch & Code | E8: =COUNTIF('UOJ DevSecOps Checklist'!B4:B44,D8) -> 7 | F8: =COUNTIFS('UOJ DevSecOps Checklist'!B4:B44,D8,'UOJ DevSecOps Checklist'!D4:D44,"Compliant") -> 0 | G8: =COUNTIFS('UOJ DevSecOps Checklist'!B4:B44,D8,'UOJ DevSecOps Checklist'!D4:D44,"In Progress") -> 0 | H8: =COUNTIFS('UOJ DevSecOps Checklist'!B4:B44,D8,'UOJ DevSecOps Checklist'!D4:D44,"Not Started") -> 7
A9: % Complete | B9: =IFERROR(B5/B4,0) -> 0 | D9: Dependency & SCA | E9: =COUNTIF('UOJ DevSecOps Checklist'!B4:B44,D9) -> 5 | F9: =COUNTIFS('UOJ DevSecOps Checklist'!B4:B44,D9,'UOJ DevSecOps Checklist'!D4:D44,"Compliant") -> 0 | G9: =COUNTIFS('UOJ DevSecOps Checklist'!B4:B44,D9,'UOJ DevSecOps Checklist'!D4:D44,"In Progress") -> 0 | H9: =COUNTIFS('UOJ DevSecOps Checklist'!B4:B44,D9,'UOJ DevSecOps Checklist'!D4:D44,"Not Started") -> 5
A10: Critical Controls | B10: =COUNTIF('UOJ DevSecOps Checklist'!H4:H44,"Critical") -> 13 | D10: SAST / DAST | E10: =COUNTIF('UOJ DevSecOps Checklist'!B4:B44,D10) -> 3 | F10: =COUNTIFS('UOJ DevSecOps Checklist'!B4:B44,D10,'UOJ DevSecOps Checklist'!D4:D44,"Compliant") -> 0 | G10: =COUNTIFS('UOJ DevSecOps Checklist'!B4:B44,D10,'UOJ DevSecOps Checklist'!D4:D44,"In Progress") -> 0 | H10: =COUNTIFS('UOJ DevSecOps Checklist'!B4:B44,D10,'UOJ DevSecOps Checklist'!D4:D44,"Not Started") -> 3
A11: Critical Compliant | B11: =COUNTIFS('UOJ DevSecOps Checklist'!H4:H44,"Critical",'UOJ DevSecOps Checklist'!D4:D44,"Compliant") -> 0 | D11: IaC Security | E11: =COUNTIF('UOJ DevSecOps Checklist'!B4:B44,D11) -> 1 | F11: =COUNTIFS('UOJ DevSecOps Checklist'!B4:B44,D11,'UOJ DevSecOps Checklist'!D4:D44,"Compliant") -> 0 | G11: =COUNTIFS('UOJ DevSecOps Checklist'!B4:B44,D11,'UOJ DevSecOps Checklist'!D4:D44,"In Progress") -> 0 | H11: =COUNTIFS('UOJ DevSecOps Checklist'!B4:B44,D11,'UOJ DevSecOps Checklist'!D4:D44,"Not Started") -> 1
A12: Blockers Active | B12: =COUNTIF('UOJ DevSecOps Checklist'!I4:I44,"Yes") -> 0 | D12: Container & Artifacts | E12: =COUNTIF('UOJ DevSecOps Checklist'!B4:B44,D12) -> 5 | F12: =COUNTIFS('UOJ DevSecOps Checklist'!B4:B44,D12,'UOJ DevSecOps Checklist'!D4:D44,"Compliant") -> 0 | G12: =COUNTIFS('UOJ DevSecOps Checklist'!B4:B44,D12,'UOJ DevSecOps Checklist'!D4:D44,"In Progress") -> 0 | H12: =COUNTIFS('UOJ DevSecOps Checklist'!B4:B44,D12,'UOJ DevSecOps Checklist'!D4:D44,"Not Started") -> 5
D13: Env Segregation | E13: =COUNTIF('UOJ DevSecOps Checklist'!B4:B44,D13) -> 2 | F13: =COUNTIFS('UOJ DevSecOps Checklist'!B4:B44,D13,'UOJ DevSecOps Checklist'!D4:D44,"Compliant") -> 0 | G13: =COUNTIFS('UOJ DevSecOps Checklist'!B4:B44,D13,'UOJ DevSecOps Checklist'!D4:D44,"In Progress") -> 0 | H13: =COUNTIFS('UOJ DevSecOps Checklist'!B4:B44,D13,'UOJ DevSecOps Checklist'!D4:D44,"Not Started") -> 2
D14: Monitoring & Audit | E14: =COUNTIF('UOJ DevSecOps Checklist'!B4:B44,D14) -> 3 | F14: =COUNTIFS('UOJ DevSecOps Checklist'!B4:B44,D14,'UOJ DevSecOps Checklist'!D4:D44,"Compliant") -> 0 | G14: =COUNTIFS('UOJ DevSecOps Checklist'!B4:B44,D14,'UOJ DevSecOps Checklist'!D4:D44,"In Progress") -> 0 | H14: =COUNTIFS('UOJ DevSecOps Checklist'!B4:B44,D14,'UOJ DevSecOps Checklist'!D4:D44,"Not Started") -> 3
D15: Policy as Code | E15: =COUNTIF('UOJ DevSecOps Checklist'!B4:B44,D15) -> 1 | F15: =COUNTIFS('UOJ DevSecOps Checklist'!B4:B44,D15,'UOJ DevSecOps Checklist'!D4:D44,"Compliant") -> 0 | G15: =COUNTIFS('UOJ DevSecOps Checklist'!B4:B44,D15,'UOJ DevSecOps Checklist'!D4:D44,"In Progress") -> 0 | H15: =COUNTIFS('UOJ DevSecOps Checklist'!B4:B44,D15,'UOJ DevSecOps Checklist'!D4:D44,"Not Started") -> 1

Sheet Legend
A1: Legend & Instructions
A2: Type | B2: Value | C2: Meaning
A3: Status | B3: Compliant | C3: Control fully implemented and verified with evidence
A4: Status | B4: In Progress | C4: Control partially implemented or under active work
A5: Status | B5: Not Started | C5: Control not yet started
A6: Status | B6: N/A | C6: Control not applicable to UOJ scope
A7: Priority | B7: Critical | C7: Must be addressed before production go-live
A8: Priority | B8: High | C8: Should be addressed in current sprint
A9: Priority | B9: Medium | C9: Address in next 2 sprints
A10: Priority | B10: Low | C10: Nice to have / future hardening
